key,sequence-number,instantiation-moment,report,info,key:fine-dish
memorandum-001,AAA-001-M:0001,2022/08/29 18:00,This is a memorandum report,null,fine-dish-01
memorandum-002,AAA-002-M:0002,2020/08/29 08:00,Lorem ipsum dolor sit amet consectetur adipiscing elit. Phasellus tempor lorem et posuere congue dui sem eleifend nunc et faucibus diam risus vel quam. Suspendisse interdum erat id pellentesque scelerisque. Phasellus congue magna in ante aliquam donec.,http://example.com,fine-dish-02
memorandum-003,AAA-003-M:0003,2022/05/20 14:00,This is a memorandum report,http://example.com,fine-dish-03
memorandum-004,AAA-004-M:0004,2022/08/20 00:00,This is a memorandum report,null,fine-dish-04
memorandum-005,AAA-005-M:0005,2021/05/29 18:00,Lorem ipsum dolor sit amet consectetur adipiscing elit. Phasellus tempor lorem et posuere congue dui sem eleifend nunc et faucibus diam risus vel quam. Suspendisse interdum erat id pellentesque scelerisque. Phasellus congue magna in ante aliquam donec.,http://example.com,fine-dish-05
memorandum-006,AAA-006-M:0006,2010/08/12 09:00,Lorem ipsum dolor sit amet consectetur adipiscing elit. Phasellus tempor lorem et posuere congue dui sem eleifend nunc et faucibus diam risus vel quam. Suspendisse interdum erat id pellentesque scelerisque. Phasellus congue magna in ante aliquam donec.,null,fine-dish-06
memorandum-007,AAA-007-M:0007,1990/08/29 18:00,This is a memorandum report,http://example.com,fine-dish-07
memorandum-008,AAA-008-M:0008,1900/01/01 00:00,Lorem ipsum dolor sit amet consectetur adipiscing elit. Phasellus tempor lorem et posuere congue dui sem eleifend nunc et faucibus diam risus vel quam. Suspendisse interdum erat id pellentesque scelerisque. Phasellus congue magna in ante aliquam donec.,http://example.com,fine-dish-08
memorandum-009,AAA-009-M:0009,2000/01/01 00:00,Lorem ipsum dolor sit amet consectetur adipiscing elit. Phasellus tempor lorem et posuere congue dui sem eleifend nunc et faucibus diam risus vel quam. Suspendisse interdum erat id pellentesque scelerisque. Phasellus congue magna in ante aliquam donec.,null,fine-dish-09
memorandum-010,AAA-010-M:0010,2022/08/29 18:30,This is a memorandum report,null,fine-dish-10
memorandum-011,AAA-011-M:0011,2016/10/30 06:30,Lorem ipsum dolor sit amet consectetur adipiscing elit. Phasellus tempor lorem et posuere congue dui sem eleifend nunc et faucibus diam risus vel quam. Suspendisse interdum erat id pellentesque scelerisque. Phasellus congue magna in ante aliquam donec.,null,fine-dish-11
memorandum-012,AAA-012-M:0012,2022/08/29 18:00,This is a memorandum report,http://example.com,fine-dish-12